{"cameraMode":{"drawMode":0,"name":"Shaded","section":"Shading Mode"},"sceneLighting":true,"audioPlay":false,"sceneViewState":{"showFog":true,"showMaterialUpdate":false,"showSkybox":true,"showFlares":true,"showImageEffects":true,"showParticleSystems":true},"in2DMode":false,"pivot":{"x":361.12371826171877,"y":219.25616455078126,"z":329.2350158691406},"rotation":{"x":-0.018009988591074945,"y":0.0057409717701375488,"z":-0.0001052767111104913,"w":-0.9998213648796082},"size":857.635498046875,"orthographic":false}