{"cameraMode":{"drawMode":0,"name":"Shaded","section":"Shading Mode"},"sceneLighting":true,"audioPlay":false,"sceneViewState":{"showFog":true,"showMaterialUpdate":false,"showSkybox":true,"showFlares":true,"showImageEffects":true,"showParticleSystems":true},"in2DMode":false,"pivot":{"x":-35.485042572021487,"y":-6.528194427490234,"z":-9.269442558288575},"rotation":{"x":-0.24605786800384522,"y":0.27428483963012698,"z":-0.07282404601573944,"w":-0.9267794489860535},"size":3.471142530441284,"orthographic":false}